[{"model": "contenttypes.contenttype", "pk": 1, "fields": {"app_label": "admin", "model": "logentry"}}, {"model": "contenttypes.contenttype", "pk": 2, "fields": {"app_label": "auth", "model": "permission"}}, {"model": "contenttypes.contenttype", "pk": 3, "fields": {"app_label": "auth", "model": "group"}}, {"model": "contenttypes.contenttype", "pk": 4, "fields": {"app_label": "contenttypes", "model": "contenttype"}}, {"model": "contenttypes.contenttype", "pk": 5, "fields": {"app_label": "sessions", "model": "session"}}, {"model": "contenttypes.contenttype", "pk": 6, "fields": {"app_label": "users", "model": "user"}}, {"model": "contenttypes.contenttype", "pk": 7, "fields": {"app_label": "users", "model": "bms_group"}}, {"model": "contenttypes.contenttype", "pk": 8, "fields": {"app_label": "users", "model": "bms_permission"}}, {"model": "contenttypes.contenttype", "pk": 9, "fields": {"app_label": "users", "model": "departments"}}, {"model": "contenttypes.contenttype", "pk": 10, "fields": {"app_label": "users", "model": "useravatar"}}, {"model": "contenttypes.contenttype", "pk": 11, "fields": {"app_label": "nav", "model": "basenav"}}, {"model": "contenttypes.contenttype", "pk": 12, "fields": {"app_label": "nav", "model": "icons"}}, {"model": "contenttypes.contenttype", "pk": 13, "fields": {"app_label": "nav", "model": "secondnav"}}, {"model": "contenttypes.contenttype", "pk": 14, "fields": {"app_label": "nav", "model": "thirtnav"}}, {"model": "sessions.session", "pk": "17n76e9y80w3s6192u0h71cesqvdvay7", "fields": {"session_data": "NTcwMTljZDY2NjMwOGIyMzA1ZmE5NDUzZTI0NWFjZDk2MTA0MzkzMDp7Il9hdXRoX3VzZXJfaWQiOiIzIiwiX2F1dGhfdXNlcl9iYWNrZW5kIjoiZGphbmdvLmNvbnRyaWIuYXV0aC5iYWNrZW5kcy5Nb2RlbEJhY2tlbmQiLCJfYXV0aF91c2VyX2hhc2giOiI5MWIwOTViZDBmOTBkODQ5ZWIzZWMyMjAyYTRmODg4YWQ5MDVmYjliIn0=", "expire_date": "2020-07-15T02:04:22.195Z"}}, {"model": "sessions.session", "pk": "oll5i415o1hkhrt66er0b1odzwx8qnu0", "fields": {"session_data": "NTcwMTljZDY2NjMwOGIyMzA1ZmE5NDUzZTI0NWFjZDk2MTA0MzkzMDp7Il9hdXRoX3VzZXJfaWQiOiIzIiwiX2F1dGhfdXNlcl9iYWNrZW5kIjoiZGphbmdvLmNvbnRyaWIuYXV0aC5iYWNrZW5kcy5Nb2RlbEJhY2tlbmQiLCJfYXV0aF91c2VyX2hhc2giOiI5MWIwOTViZDBmOTBkODQ5ZWIzZWMyMjAyYTRmODg4YWQ5MDVmYjliIn0=", "expire_date": "2020-07-06T15:56:57.657Z"}}, {"model": "users.departments", "pk": 1, "fields": {"depar_name": "\u6d4b\u8bd5\u90e8\u95e8", "depar_type": 2}}, {"model": "nav.icons", "pk": 1, "fields": {"icon": "el-icon-platform-eleme", "icon_belong": "Element-UI"}}, {"model": "nav.icons", "pk": 2, "fields": {"icon": "el-icon-eleme", "icon_belong": "Element-UI"}}, {"model": "nav.icons", "pk": 3, "fields": {"icon": "el-icon-delete-solid", "icon_belong": "Element-UI"}}, {"model": "nav.icons", "pk": 4, "fields": {"icon": "el-icon-delete", "icon_belong": "Element-UI"}}, {"model": "nav.icons", "pk": 5, "fields": {"icon": "el-icon-s-tools", "icon_belong": "Element-UI"}}, {"model": "nav.icons", "pk": 6, "fields": {"icon": "el-icon-setting", "icon_belong": "Element-UI"}}, {"model": "nav.icons", "pk": 7, "fields": {"icon": "el-icon-user-solid", "icon_belong": "Element-UI"}}, {"model": "nav.icons", "pk": 8, "fields": {"icon": "el-icon-user", "icon_belong": "Element-UI"}}, {"model": "nav.icons", "pk": 9, "fields": {"icon": "el-icon-phone", "icon_belong": "Element-UI"}}, {"model": "nav.icons", "pk": 10, "fields": {"icon": "el-icon-phone-outline", "icon_belong": "Element-UI"}}, {"model": "nav.icons", "pk": 11, "fields": {"icon": "el-icon-more", "icon_belong": "Element-UI"}}, {"model": "nav.icons", "pk": 12, "fields": {"icon": "el-icon-more-outline", "icon_belong": "Element-UI"}}, {"model": "nav.icons", "pk": 13, "fields": {"icon": "el-icon-star-on", "icon_belong": "Element-UI"}}, {"model": "nav.icons", "pk": 14, "fields": {"icon": "el-icon-star-off", "icon_belong": "Element-UI"}}, {"model": "nav.icons", "pk": 15, "fields": {"icon": "el-icon-s-goods", "icon_belong": "Element-UI"}}, {"model": "nav.icons", "pk": 16, "fields": {"icon": "el-icon-goods", "icon_belong": "Element-UI"}}, {"model": "nav.icons", "pk": 17, "fields": {"icon": "el-icon-warning", "icon_belong": "Element-UI"}}, {"model": "nav.icons", "pk": 18, "fields": {"icon": "el-icon-warning-outline", "icon_belong": "Element-UI"}}, {"model": "nav.icons", "pk": 19, "fields": {"icon": "el-icon-question", "icon_belong": "Element-UI"}}, {"model": "nav.icons", "pk": 20, "fields": {"icon": "el-icon-info", "icon_belong": "Element-UI"}}, {"model": "nav.icons", "pk": 21, "fields": {"icon": "el-icon-remove", "icon_belong": "Element-UI"}}, {"model": "nav.icons", "pk": 22, "fields": {"icon": "el-icon-circle-plus", "icon_belong": "Element-UI"}}, {"model": "nav.icons", "pk": 23, "fields": {"icon": "el-icon-success", "icon_belong": "Element-UI"}}, {"model": "nav.icons", "pk": 24, "fields": {"icon": "el-icon-error", "icon_belong": "Element-UI"}}, {"model": "nav.icons", "pk": 25, "fields": {"icon": "el-icon-zoom-in", "icon_belong": "Element-UI"}}, {"model": "nav.icons", "pk": 26, "fields": {"icon": "el-icon-zoom-out", "icon_belong": "Element-UI"}}, {"model": "nav.icons", "pk": 27, "fields": {"icon": "el-icon-remove-outline", "icon_belong": "Element-UI"}}, {"model": "nav.icons", "pk": 28, "fields": {"icon": "el-icon-circle-plus-outline", "icon_belong": "Element-UI"}}, {"model": "nav.icons", "pk": 29, "fields": {"icon": "el-icon-circle-check", "icon_belong": "Element-UI"}}, {"model": "nav.icons", "pk": 30, "fields": {"icon": "el-icon-circle-close", "icon_belong": "Element-UI"}}, {"model": "nav.icons", "pk": 31, "fields": {"icon": "el-icon-s-help", "icon_belong": "Element-UI"}}, {"model": "nav.icons", "pk": 32, "fields": {"icon": "el-icon-help", "icon_belong": "Element-UI"}}, {"model": "nav.icons", "pk": 33, "fields": {"icon": "el-icon-minus", "icon_belong": "Element-UI"}}, {"model": "nav.icons", "pk": 34, "fields": {"icon": "el-icon-plus", "icon_belong": "Element-UI"}}, {"model": "nav.icons", "pk": 35, "fields": {"icon": "el-icon-check", "icon_belong": "Element-UI"}}, {"model": "nav.icons", "pk": 36, "fields": {"icon": "el-icon-close", "icon_belong": "Element-UI"}}, {"model": "nav.icons", "pk": 37, "fields": {"icon": "el-icon-picture", "icon_belong": "Element-UI"}}, {"model": "nav.icons", "pk": 38, "fields": {"icon": "el-icon-picture-outline", "icon_belong": "Element-UI"}}, {"model": "nav.icons", "pk": 39, "fields": {"icon": "el-icon-picture-outline-round", "icon_belong": "Element-UI"}}, {"model": "nav.icons", "pk": 40, "fields": {"icon": "el-icon-upload", "icon_belong": "Element-UI"}}, {"model": "nav.icons", "pk": 41, "fields": {"icon": "el-icon-upload2", "icon_belong": "Element-UI"}}, {"model": "nav.icons", "pk": 42, "fields": {"icon": "el-icon-download", "icon_belong": "Element-UI"}}, {"model": "nav.icons", "pk": 43, "fields": {"icon": "el-icon-camera-solid", "icon_belong": "Element-UI"}}, {"model": "nav.icons", "pk": 44, "fields": {"icon": "el-icon-camera", "icon_belong": "Element-UI"}}, {"model": "nav.icons", "pk": 45, "fields": {"icon": "el-icon-video-camera-solid", "icon_belong": "Element-UI"}}, {"model": "nav.icons", "pk": 46, "fields": {"icon": "el-icon-video-camera", "icon_belong": "Element-UI"}}, {"model": "nav.icons", "pk": 47, "fields": {"icon": "el-icon-message-solid", "icon_belong": "Element-UI"}}, {"model": "nav.icons", "pk": 48, "fields": {"icon": "el-icon-bell", "icon_belong": "Element-UI"}}, {"model": "nav.icons", "pk": 49, "fields": {"icon": "el-icon-s-cooperation", "icon_belong": "Element-UI"}}, {"model": "nav.icons", "pk": 50, "fields": {"icon": "el-icon-s-order", "icon_belong": "Element-UI"}}, {"model": "nav.icons", "pk": 51, "fields": {"icon": "el-icon-s-platform", "icon_belong": "Element-UI"}}, {"model": "nav.icons", "pk": 52, "fields": {"icon": "el-icon-s-fold", "icon_belong": "Element-UI"}}, {"model": "nav.icons", "pk": 53, "fields": {"icon": "el-icon-s-unfold", "icon_belong": "Element-UI"}}, {"model": "nav.icons", "pk": 54, "fields": {"icon": "el-icon-s-operation", "icon_belong": "Element-UI"}}, {"model": "nav.icons", "pk": 55, "fields": {"icon": "el-icon-s-promotion", "icon_belong": "Element-UI"}}, {"model": "nav.icons", "pk": 56, "fields": {"icon": "el-icon-s-home", "icon_belong": "Element-UI"}}, {"model": "nav.icons", "pk": 57, "fields": {"icon": "el-icon-s-release", "icon_belong": "Element-UI"}}, {"model": "nav.icons", "pk": 58, "fields": {"icon": "el-icon-s-ticket", "icon_belong": "Element-UI"}}, {"model": "nav.icons", "pk": 59, "fields": {"icon": "el-icon-s-management", "icon_belong": "Element-UI"}}, {"model": "nav.icons", "pk": 60, "fields": {"icon": "el-icon-s-open", "icon_belong": "Element-UI"}}, {"model": "nav.icons", "pk": 61, "fields": {"icon": "el-icon-s-shop", "icon_belong": "Element-UI"}}, {"model": "nav.icons", "pk": 62, "fields": {"icon": "el-icon-s-marketing", "icon_belong": "Element-UI"}}, {"model": "nav.icons", "pk": 63, "fields": {"icon": "el-icon-s-flag", "icon_belong": "Element-UI"}}, {"model": "nav.icons", "pk": 64, "fields": {"icon": "el-icon-s-comment", "icon_belong": "Element-UI"}}, {"model": "nav.icons", "pk": 65, "fields": {"icon": "el-icon-s-finance", "icon_belong": "Element-UI"}}, {"model": "nav.icons", "pk": 66, "fields": {"icon": "el-icon-s-claim", "icon_belong": "Element-UI"}}, {"model": "nav.icons", "pk": 67, "fields": {"icon": "el-icon-s-custom", "icon_belong": "Element-UI"}}, {"model": "nav.icons", "pk": 68, "fields": {"icon": "el-icon-s-opportunity", "icon_belong": "Element-UI"}}, {"model": "nav.icons", "pk": 69, "fields": {"icon": "el-icon-s-data", "icon_belong": "Element-UI"}}, {"model": "nav.icons", "pk": 70, "fields": {"icon": "el-icon-s-check", "icon_belong": "Element-UI"}}, {"model": "nav.icons", "pk": 71, "fields": {"icon": "el-icon-s-grid", "icon_belong": "Element-UI"}}, {"model": "nav.icons", "pk": 72, "fields": {"icon": "el-icon-menu", "icon_belong": "Element-UI"}}, {"model": "nav.icons", "pk": 73, "fields": {"icon": "el-icon-share", "icon_belong": "Element-UI"}}, {"model": "nav.icons", "pk": 74, "fields": {"icon": "el-icon-d-caret", "icon_belong": "Element-UI"}}, {"model": "nav.icons", "pk": 75, "fields": {"icon": "el-icon-caret-left", "icon_belong": "Element-UI"}}, {"model": "nav.icons", "pk": 76, "fields": {"icon": "el-icon-caret-right", "icon_belong": "Element-UI"}}, {"model": "nav.icons", "pk": 77, "fields": {"icon": "el-icon-caret-bottom", "icon_belong": "Element-UI"}}, {"model": "nav.icons", "pk": 78, "fields": {"icon": "el-icon-caret-top", "icon_belong": "Element-UI"}}, {"model": "nav.icons", "pk": 79, "fields": {"icon": "el-icon-bottom-left", "icon_belong": "Element-UI"}}, {"model": "nav.icons", "pk": 80, "fields": {"icon": "el-icon-bottom-right", "icon_belong": "Element-UI"}}, {"model": "nav.icons", "pk": 81, "fields": {"icon": "el-icon-back", "icon_belong": "Element-UI"}}, {"model": "nav.icons", "pk": 82, "fields": {"icon": "el-icon-right", "icon_belong": "Element-UI"}}, {"model": "nav.icons", "pk": 83, "fields": {"icon": "el-icon-bottom", "icon_belong": "Element-UI"}}, {"model": "nav.icons", "pk": 84, "fields": {"icon": "el-icon-top", "icon_belong": "Element-UI"}}, {"model": "nav.icons", "pk": 85, "fields": {"icon": "el-icon-top-left", "icon_belong": "Element-UI"}}, {"model": "nav.icons", "pk": 86, "fields": {"icon": "el-icon-top-right", "icon_belong": "Element-UI"}}, {"model": "nav.icons", "pk": 87, "fields": {"icon": "el-icon-arrow-left", "icon_belong": "Element-UI"}}, {"model": "nav.icons", "pk": 88, "fields": {"icon": "el-icon-arrow-right", "icon_belong": "Element-UI"}}, {"model": "nav.icons", "pk": 89, "fields": {"icon": "el-icon-arrow-down", "icon_belong": "Element-UI"}}, {"model": "nav.icons", "pk": 90, "fields": {"icon": "el-icon-arrow-up", "icon_belong": "Element-UI"}}, {"model": "nav.icons", "pk": 91, "fields": {"icon": "el-icon-d-arrow-left", "icon_belong": "Element-UI"}}, {"model": "nav.icons", "pk": 92, "fields": {"icon": "el-icon-d-arrow-right", "icon_belong": "Element-UI"}}, {"model": "nav.icons", "pk": 93, "fields": {"icon": "el-icon-video-pause", "icon_belong": "Element-UI"}}, {"model": "nav.icons", "pk": 94, "fields": {"icon": "el-icon-video-play", "icon_belong": "Element-UI"}}, {"model": "nav.icons", "pk": 95, "fields": {"icon": "el-icon-refresh", "icon_belong": "Element-UI"}}, {"model": "nav.icons", "pk": 96, "fields": {"icon": "el-icon-refresh-right", "icon_belong": "Element-UI"}}, {"model": "nav.icons", "pk": 97, "fields": {"icon": "el-icon-refresh-left", "icon_belong": "Element-UI"}}, {"model": "nav.icons", "pk": 98, "fields": {"icon": "el-icon-finished", "icon_belong": "Element-UI"}}, {"model": "nav.icons", "pk": 99, "fields": {"icon": "el-icon-sort", "icon_belong": "Element-UI"}}, {"model": "nav.icons", "pk": 100, "fields": {"icon": "el-icon-sort-up", "icon_belong": "Element-UI"}}, {"model": "nav.icons", "pk": 101, "fields": {"icon": "el-icon-sort-down", "icon_belong": "Element-UI"}}, {"model": "nav.icons", "pk": 102, "fields": {"icon": "el-icon-rank", "icon_belong": "Element-UI"}}, {"model": "nav.icons", "pk": 103, "fields": {"icon": "el-icon-loading", "icon_belong": "Element-UI"}}, {"model": "nav.icons", "pk": 104, "fields": {"icon": "el-icon-view", "icon_belong": "Element-UI"}}, {"model": "nav.icons", "pk": 105, "fields": {"icon": "el-icon-c-scale-to-original", "icon_belong": "Element-UI"}}, {"model": "nav.icons", "pk": 106, "fields": {"icon": "el-icon-date", "icon_belong": "Element-UI"}}, {"model": "nav.icons", "pk": 107, "fields": {"icon": "el-icon-edit", "icon_belong": "Element-UI"}}, {"model": "nav.icons", "pk": 108, "fields": {"icon": "el-icon-edit-outline", "icon_belong": "Element-UI"}}, {"model": "nav.icons", "pk": 109, "fields": {"icon": "el-icon-folder", "icon_belong": "Element-UI"}}, {"model": "nav.icons", "pk": 110, "fields": {"icon": "el-icon-folder-opened", "icon_belong": "Element-UI"}}, {"model": "nav.icons", "pk": 111, "fields": {"icon": "el-icon-folder-add", "icon_belong": "Element-UI"}}, {"model": "nav.icons", "pk": 112, "fields": {"icon": "el-icon-folder-remove", "icon_belong": "Element-UI"}}, {"model": "nav.icons", "pk": 113, "fields": {"icon": "el-icon-folder-delete", "icon_belong": "Element-UI"}}, {"model": "nav.icons", "pk": 114, "fields": {"icon": "el-icon-folder-checked", "icon_belong": "Element-UI"}}, {"model": "nav.icons", "pk": 115, "fields": {"icon": "el-icon-tickets", "icon_belong": "Element-UI"}}, {"model": "nav.icons", "pk": 116, "fields": {"icon": "el-icon-document-remove", "icon_belong": "Element-UI"}}, {"model": "nav.icons", "pk": 117, "fields": {"icon": "el-icon-document-delete", "icon_belong": "Element-UI"}}, {"model": "nav.icons", "pk": 118, "fields": {"icon": "el-icon-document-copy", "icon_belong": "Element-UI"}}, {"model": "nav.icons", "pk": 119, "fields": {"icon": "el-icon-document-checked", "icon_belong": "Element-UI"}}, {"model": "nav.icons", "pk": 120, "fields": {"icon": "el-icon-document", "icon_belong": "Element-UI"}}, {"model": "nav.icons", "pk": 121, "fields": {"icon": "el-icon-document-add", "icon_belong": "Element-UI"}}, {"model": "nav.icons", "pk": 122, "fields": {"icon": "el-icon-printer", "icon_belong": "Element-UI"}}, {"model": "nav.icons", "pk": 123, "fields": {"icon": "el-icon-paperclip", "icon_belong": "Element-UI"}}, {"model": "nav.icons", "pk": 124, "fields": {"icon": "el-icon-takeaway-box", "icon_belong": "Element-UI"}}, {"model": "nav.icons", "pk": 125, "fields": {"icon": "el-icon-search", "icon_belong": "Element-UI"}}, {"model": "nav.icons", "pk": 126, "fields": {"icon": "el-icon-monitor", "icon_belong": "Element-UI"}}, {"model": "nav.icons", "pk": 127, "fields": {"icon": "el-icon-attract", "icon_belong": "Element-UI"}}, {"model": "nav.icons", "pk": 128, "fields": {"icon": "el-icon-mobile", "icon_belong": "Element-UI"}}, {"model": "nav.icons", "pk": 129, "fields": {"icon": "el-icon-scissors", "icon_belong": "Element-UI"}}, {"model": "nav.icons", "pk": 130, "fields": {"icon": "el-icon-umbrella", "icon_belong": "Element-UI"}}, {"model": "nav.icons", "pk": 131, "fields": {"icon": "el-icon-headset", "icon_belong": "Element-UI"}}, {"model": "nav.icons", "pk": 132, "fields": {"icon": "el-icon-brush", "icon_belong": "Element-UI"}}, {"model": "nav.icons", "pk": 133, "fields": {"icon": "el-icon-mouse", "icon_belong": "Element-UI"}}, {"model": "nav.icons", "pk": 134, "fields": {"icon": "el-icon-coordinate", "icon_belong": "Element-UI"}}, {"model": "nav.icons", "pk": 135, "fields": {"icon": "el-icon-magic-stick", "icon_belong": "Element-UI"}}, {"model": "nav.icons", "pk": 136, "fields": {"icon": "el-icon-reading", "icon_belong": "Element-UI"}}, {"model": "nav.icons", "pk": 137, "fields": {"icon": "el-icon-data-line", "icon_belong": "Element-UI"}}, {"model": "nav.icons", "pk": 138, "fields": {"icon": "el-icon-data-board", "icon_belong": "Element-UI"}}, {"model": "nav.icons", "pk": 139, "fields": {"icon": "el-icon-pie-chart", "icon_belong": "Element-UI"}}, {"model": "nav.icons", "pk": 140, "fields": {"icon": "el-icon-data-analysis", "icon_belong": "Element-UI"}}, {"model": "nav.icons", "pk": 141, "fields": {"icon": "el-icon-collection-tag", "icon_belong": "Element-UI"}}, {"model": "nav.icons", "pk": 142, "fields": {"icon": "el-icon-film", "icon_belong": "Element-UI"}}, {"model": "nav.icons", "pk": 143, "fields": {"icon": "el-icon-suitcase", "icon_belong": "Element-UI"}}, {"model": "nav.icons", "pk": 144, "fields": {"icon": "el-icon-suitcase-1", "icon_belong": "Element-UI"}}, {"model": "nav.icons", "pk": 145, "fields": {"icon": "el-icon-receiving", "icon_belong": "Element-UI"}}, {"model": "nav.icons", "pk": 146, "fields": {"icon": "el-icon-collection", "icon_belong": "Element-UI"}}, {"model": "nav.icons", "pk": 147, "fields": {"icon": "el-icon-files", "icon_belong": "Element-UI"}}, {"model": "nav.icons", "pk": 148, "fields": {"icon": "el-icon-notebook-1", "icon_belong": "Element-UI"}}, {"model": "nav.icons", "pk": 149, "fields": {"icon": "el-icon-notebook-2", "icon_belong": "Element-UI"}}, {"model": "nav.icons", "pk": 150, "fields": {"icon": "el-icon-toilet-paper", "icon_belong": "Element-UI"}}, {"model": "nav.icons", "pk": 151, "fields": {"icon": "el-icon-office-building", "icon_belong": "Element-UI"}}, {"model": "nav.icons", "pk": 152, "fields": {"icon": "el-icon-school", "icon_belong": "Element-UI"}}, {"model": "nav.icons", "pk": 153, "fields": {"icon": "el-icon-table-lamp", "icon_belong": "Element-UI"}}, {"model": "nav.icons", "pk": 154, "fields": {"icon": "el-icon-house", "icon_belong": "Element-UI"}}, {"model": "nav.icons", "pk": 155, "fields": {"icon": "el-icon-no-smoking", "icon_belong": "Element-UI"}}, {"model": "nav.icons", "pk": 156, "fields": {"icon": "el-icon-smoking", "icon_belong": "Element-UI"}}, {"model": "nav.icons", "pk": 157, "fields": {"icon": "el-icon-shopping-cart-full", "icon_belong": "Element-UI"}}, {"model": "nav.icons", "pk": 158, "fields": {"icon": "el-icon-shopping-cart-1", "icon_belong": "Element-UI"}}, {"model": "nav.icons", "pk": 159, "fields": {"icon": "el-icon-shopping-cart-2", "icon_belong": "Element-UI"}}, {"model": "nav.icons", "pk": 160, "fields": {"icon": "el-icon-shopping-bag-1", "icon_belong": "Element-UI"}}, {"model": "nav.icons", "pk": 161, "fields": {"icon": "el-icon-shopping-bag-2", "icon_belong": "Element-UI"}}, {"model": "nav.icons", "pk": 162, "fields": {"icon": "el-icon-sold-out", "icon_belong": "Element-UI"}}, {"model": "nav.icons", "pk": 163, "fields": {"icon": "el-icon-sell", "icon_belong": "Element-UI"}}, {"model": "nav.icons", "pk": 164, "fields": {"icon": "el-icon-present", "icon_belong": "Element-UI"}}, {"model": "nav.icons", "pk": 165, "fields": {"icon": "el-icon-box", "icon_belong": "Element-UI"}}, {"model": "nav.icons", "pk": 166, "fields": {"icon": "el-icon-bank-card", "icon_belong": "Element-UI"}}, {"model": "nav.icons", "pk": 167, "fields": {"icon": "el-icon-money", "icon_belong": "Element-UI"}}, {"model": "nav.icons", "pk": 168, "fields": {"icon": "el-icon-coin", "icon_belong": "Element-UI"}}, {"model": "nav.icons", "pk": 169, "fields": {"icon": "el-icon-wallet", "icon_belong": "Element-UI"}}, {"model": "nav.icons", "pk": 170, "fields": {"icon": "el-icon-discount", "icon_belong": "Element-UI"}}, {"model": "nav.icons", "pk": 171, "fields": {"icon": "el-icon-price-tag", "icon_belong": "Element-UI"}}, {"model": "nav.icons", "pk": 172, "fields": {"icon": "el-icon-news", "icon_belong": "Element-UI"}}, {"model": "nav.icons", "pk": 173, "fields": {"icon": "el-icon-guide", "icon_belong": "Element-UI"}}, {"model": "nav.icons", "pk": 174, "fields": {"icon": "el-icon-male", "icon_belong": "Element-UI"}}, {"model": "nav.icons", "pk": 175, "fields": {"icon": "el-icon-female", "icon_belong": "Element-UI"}}, {"model": "nav.icons", "pk": 176, "fields": {"icon": "el-icon-thumb", "icon_belong": "Element-UI"}}, {"model": "nav.icons", "pk": 177, "fields": {"icon": "el-icon-cpu", "icon_belong": "Element-UI"}}, {"model": "nav.icons", "pk": 178, "fields": {"icon": "el-icon-link", "icon_belong": "Element-UI"}}, {"model": "nav.icons", "pk": 179, "fields": {"icon": "el-icon-connection", "icon_belong": "Element-UI"}}, {"model": "nav.icons", "pk": 180, "fields": {"icon": "el-icon-open", "icon_belong": "Element-UI"}}, {"model": "nav.icons", "pk": 181, "fields": {"icon": "el-icon-turn-off", "icon_belong": "Element-UI"}}, {"model": "nav.icons", "pk": 182, "fields": {"icon": "el-icon-set-up", "icon_belong": "Element-UI"}}, {"model": "nav.icons", "pk": 183, "fields": {"icon": "el-icon-chat-round", "icon_belong": "Element-UI"}}, {"model": "nav.icons", "pk": 184, "fields": {"icon": "el-icon-chat-line-round", "icon_belong": "Element-UI"}}, {"model": "nav.icons", "pk": 185, "fields": {"icon": "el-icon-chat-square", "icon_belong": "Element-UI"}}, {"model": "nav.icons", "pk": 186, "fields": {"icon": "el-icon-chat-dot-round", "icon_belong": "Element-UI"}}, {"model": "nav.icons", "pk": 187, "fields": {"icon": "el-icon-chat-dot-square", "icon_belong": "Element-UI"}}, {"model": "nav.icons", "pk": 188, "fields": {"icon": "el-icon-chat-line-square", "icon_belong": "Element-UI"}}, {"model": "nav.icons", "pk": 189, "fields": {"icon": "el-icon-message", "icon_belong": "Element-UI"}}, {"model": "nav.icons", "pk": 190, "fields": {"icon": "el-icon-postcard", "icon_belong": "Element-UI"}}, {"model": "nav.icons", "pk": 191, "fields": {"icon": "el-icon-position", "icon_belong": "Element-UI"}}, {"model": "nav.icons", "pk": 192, "fields": {"icon": "el-icon-turn-off-microphone", "icon_belong": "Element-UI"}}, {"model": "nav.icons", "pk": 193, "fields": {"icon": "el-icon-microphone", "icon_belong": "Element-UI"}}, {"model": "nav.icons", "pk": 194, "fields": {"icon": "el-icon-close-notification", "icon_belong": "Element-UI"}}, {"model": "nav.icons", "pk": 195, "fields": {"icon": "el-icon-bangzhu", "icon_belong": "Element-UI"}}, {"model": "nav.icons", "pk": 196, "fields": {"icon": "el-icon-time", "icon_belong": "Element-UI"}}, {"model": "nav.icons", "pk": 197, "fields": {"icon": "el-icon-odometer", "icon_belong": "Element-UI"}}, {"model": "nav.icons", "pk": 198, "fields": {"icon": "el-icon-crop", "icon_belong": "Element-UI"}}, {"model": "nav.icons", "pk": 199, "fields": {"icon": "el-icon-aim", "icon_belong": "Element-UI"}}, {"model": "nav.icons", "pk": 200, "fields": {"icon": "el-icon-switch-button", "icon_belong": "Element-UI"}}, {"model": "nav.icons", "pk": 201, "fields": {"icon": "el-icon-full-screen", "icon_belong": "Element-UI"}}, {"model": "nav.icons", "pk": 202, "fields": {"icon": "el-icon-copy-document", "icon_belong": "Element-UI"}}, {"model": "nav.icons", "pk": 203, "fields": {"icon": "el-icon-mic", "icon_belong": "Element-UI"}}, {"model": "nav.icons", "pk": 204, "fields": {"icon": "el-icon-stopwatch", "icon_belong": "Element-UI"}}, {"model": "nav.icons", "pk": 205, "fields": {"icon": "el-icon-medal-1", "icon_belong": "Element-UI"}}, {"model": "nav.icons", "pk": 206, "fields": {"icon": "el-icon-medal", "icon_belong": "Element-UI"}}, {"model": "nav.icons", "pk": 207, "fields": {"icon": "el-icon-trophy", "icon_belong": "Element-UI"}}, {"model": "nav.icons", "pk": 208, "fields": {"icon": "el-icon-trophy-1", "icon_belong": "Element-UI"}}, {"model": "nav.icons", "pk": 209, "fields": {"icon": "el-icon-first-aid-kit", "icon_belong": "Element-UI"}}, {"model": "nav.icons", "pk": 210, "fields": {"icon": "el-icon-discover", "icon_belong": "Element-UI"}}, {"model": "nav.icons", "pk": 211, "fields": {"icon": "el-icon-place", "icon_belong": "Element-UI"}}, {"model": "nav.icons", "pk": 212, "fields": {"icon": "el-icon-location", "icon_belong": "Element-UI"}}, {"model": "nav.icons", "pk": 213, "fields": {"icon": "el-icon-location-outline", "icon_belong": "Element-UI"}}, {"model": "nav.icons", "pk": 214, "fields": {"icon": "el-icon-location-information", "icon_belong": "Element-UI"}}, {"model": "nav.icons", "pk": 215, "fields": {"icon": "el-icon-add-location", "icon_belong": "Element-UI"}}, {"model": "nav.icons", "pk": 216, "fields": {"icon": "el-icon-delete-location", "icon_belong": "Element-UI"}}, {"model": "nav.icons", "pk": 217, "fields": {"icon": "el-icon-map-location", "icon_belong": "Element-UI"}}, {"model": "nav.icons", "pk": 218, "fields": {"icon": "el-icon-alarm-clock", "icon_belong": "Element-UI"}}, {"model": "nav.icons", "pk": 219, "fields": {"icon": "el-icon-timer", "icon_belong": "Element-UI"}}, {"model": "nav.icons", "pk": 220, "fields": {"icon": "el-icon-watch-1", "icon_belong": "Element-UI"}}, {"model": "nav.icons", "pk": 221, "fields": {"icon": "el-icon-watch", "icon_belong": "Element-UI"}}, {"model": "nav.icons", "pk": 222, "fields": {"icon": "el-icon-lock", "icon_belong": "Element-UI"}}, {"model": "nav.icons", "pk": 223, "fields": {"icon": "el-icon-unlock", "icon_belong": "Element-UI"}}, {"model": "nav.icons", "pk": 224, "fields": {"icon": "el-icon-key", "icon_belong": "Element-UI"}}, {"model": "nav.icons", "pk": 225, "fields": {"icon": "el-icon-service", "icon_belong": "Element-UI"}}, {"model": "nav.icons", "pk": 226, "fields": {"icon": "el-icon-mobile-phone", "icon_belong": "Element-UI"}}, {"model": "nav.icons", "pk": 227, "fields": {"icon": "el-icon-bicycle", "icon_belong": "Element-UI"}}, {"model": "nav.icons", "pk": 228, "fields": {"icon": "el-icon-truck", "icon_belong": "Element-UI"}}, {"model": "nav.icons", "pk": 229, "fields": {"icon": "el-icon-ship", "icon_belong": "Element-UI"}}, {"model": "nav.icons", "pk": 230, "fields": {"icon": "el-icon-basketball", "icon_belong": "Element-UI"}}, {"model": "nav.icons", "pk": 231, "fields": {"icon": "el-icon-football", "icon_belong": "Element-UI"}}, {"model": "nav.icons", "pk": 232, "fields": {"icon": "el-icon-soccer", "icon_belong": "Element-UI"}}, {"model": "nav.icons", "pk": 233, "fields": {"icon": "el-icon-baseball", "icon_belong": "Element-UI"}}, {"model": "nav.icons", "pk": 234, "fields": {"icon": "el-icon-wind-power", "icon_belong": "Element-UI"}}, {"model": "nav.icons", "pk": 235, "fields": {"icon": "el-icon-light-rain", "icon_belong": "Element-UI"}}, {"model": "nav.icons", "pk": 236, "fields": {"icon": "el-icon-lightning", "icon_belong": "Element-UI"}}, {"model": "nav.icons", "pk": 237, "fields": {"icon": "el-icon-heavy-rain", "icon_belong": "Element-UI"}}, {"model": "nav.icons", "pk": 238, "fields": {"icon": "el-icon-sunrise", "icon_belong": "Element-UI"}}, {"model": "nav.icons", "pk": 239, "fields": {"icon": "el-icon-sunrise-1", "icon_belong": "Element-UI"}}, {"model": "nav.icons", "pk": 240, "fields": {"icon": "el-icon-sunset", "icon_belong": "Element-UI"}}, {"model": "nav.icons", "pk": 241, "fields": {"icon": "el-icon-sunny", "icon_belong": "Element-UI"}}, {"model": "nav.icons", "pk": 242, "fields": {"icon": "el-icon-cloudy", "icon_belong": "Element-UI"}}, {"model": "nav.icons", "pk": 243, "fields": {"icon": "el-icon-partly-cloudy", "icon_belong": "Element-UI"}}, {"model": "nav.icons", "pk": 244, "fields": {"icon": "el-icon-cloudy-and-sunny", "icon_belong": "Element-UI"}}, {"model": "nav.icons", "pk": 245, "fields": {"icon": "el-icon-moon", "icon_belong": "Element-UI"}}, {"model": "nav.icons", "pk": 246, "fields": {"icon": "el-icon-moon-night", "icon_belong": "Element-UI"}}, {"model": "nav.icons", "pk": 247, "fields": {"icon": "el-icon-dish", "icon_belong": "Element-UI"}}, {"model": "nav.icons", "pk": 248, "fields": {"icon": "el-icon-dish-1", "icon_belong": "Element-UI"}}, {"model": "nav.icons", "pk": 249, "fields": {"icon": "el-icon-food", "icon_belong": "Element-UI"}}, {"model": "nav.icons", "pk": 250, "fields": {"icon": "el-icon-chicken", "icon_belong": "Element-UI"}}, {"model": "nav.icons", "pk": 251, "fields": {"icon": "el-icon-fork-spoon", "icon_belong": "Element-UI"}}, {"model": "nav.icons", "pk": 252, "fields": {"icon": "el-icon-knife-fork", "icon_belong": "Element-UI"}}, {"model": "nav.icons", "pk": 253, "fields": {"icon": "el-icon-burger", "icon_belong": "Element-UI"}}, {"model": "nav.icons", "pk": 254, "fields": {"icon": "el-icon-tableware", "icon_belong": "Element-UI"}}, {"model": "nav.icons", "pk": 255, "fields": {"icon": "el-icon-sugar", "icon_belong": "Element-UI"}}, {"model": "nav.icons", "pk": 256, "fields": {"icon": "el-icon-dessert", "icon_belong": "Element-UI"}}, {"model": "nav.icons", "pk": 257, "fields": {"icon": "el-icon-ice-cream", "icon_belong": "Element-UI"}}, {"model": "nav.icons", "pk": 258, "fields": {"icon": "el-icon-hot-water", "icon_belong": "Element-UI"}}, {"model": "nav.icons", "pk": 259, "fields": {"icon": "el-icon-water-cup", "icon_belong": "Element-UI"}}, {"model": "nav.icons", "pk": 260, "fields": {"icon": "el-icon-coffee-cup", "icon_belong": "Element-UI"}}, {"model": "nav.icons", "pk": 261, "fields": {"icon": "el-icon-cold-drink", "icon_belong": "Element-UI"}}, {"model": "nav.icons", "pk": 262, "fields": {"icon": "el-icon-goblet", "icon_belong": "Element-UI"}}, {"model": "nav.icons", "pk": 263, "fields": {"icon": "el-icon-goblet-full", "icon_belong": "Element-UI"}}, {"model": "nav.icons", "pk": 264, "fields": {"icon": "el-icon-goblet-square", "icon_belong": "Element-UI"}}, {"model": "nav.icons", "pk": 265, "fields": {"icon": "el-icon-goblet-square-full", "icon_belong": "Element-UI"}}, {"model": "nav.icons", "pk": 266, "fields": {"icon": "el-icon-refrigerator", "icon_belong": "Element-UI"}}, {"model": "nav.icons", "pk": 267, "fields": {"icon": "el-icon-grape", "icon_belong": "Element-UI"}}, {"model": "nav.icons", "pk": 268, "fields": {"icon": "el-icon-watermelon", "icon_belong": "Element-UI"}}, {"model": "nav.icons", "pk": 269, "fields": {"icon": "el-icon-cherry", "icon_belong": "Element-UI"}}, {"model": "nav.icons", "pk": 270, "fields": {"icon": "el-icon-apple", "icon_belong": "Element-UI"}}, {"model": "nav.icons", "pk": 271, "fields": {"icon": "el-icon-pear", "icon_belong": "Element-UI"}}, {"model": "nav.icons", "pk": 272, "fields": {"icon": "el-icon-orange", "icon_belong": "Element-UI"}}, {"model": "nav.icons", "pk": 273, "fields": {"icon": "el-icon-coffee", "icon_belong": "Element-UI"}}, {"model": "nav.icons", "pk": 274, "fields": {"icon": "el-icon-ice-tea", "icon_belong": "Element-UI"}}, {"model": "nav.icons", "pk": 275, "fields": {"icon": "el-icon-ice-drink", "icon_belong": "Element-UI"}}, {"model": "nav.icons", "pk": 276, "fields": {"icon": "el-icon-milk-tea", "icon_belong": "Element-UI"}}, {"model": "nav.icons", "pk": 277, "fields": {"icon": "el-icon-potato-strips", "icon_belong": "Element-UI"}}, {"model": "nav.icons", "pk": 278, "fields": {"icon": "el-icon-lollipop", "icon_belong": "Element-UI"}}, {"model": "nav.icons", "pk": 279, "fields": {"icon": "el-icon-ice-cream-square", "icon_belong": "Element-UI"}}, {"model": "nav.icons", "pk": 280, "fields": {"icon": "el-icon-ice-cream-round", "icon_belong": "Element-UI"}}, {"model": "auth.permission", "pk": 1, "fields": {"name": "Can add log entry", "content_type": 1, "codename": "add_logentry"}}, {"model": "auth.permission", "pk": 2, "fields": {"name": "Can change log entry", "content_type": 1, "codename": "change_logentry"}}, {"model": "auth.permission", "pk": 3, "fields": {"name": "Can delete log entry", "content_type": 1, "codename": "delete_logentry"}}, {"model": "auth.permission", "pk": 4, "fields": {"name": "Can view log entry", "content_type": 1, "codename": "view_logentry"}}, {"model": "auth.permission", "pk": 5, "fields": {"name": "Can add permission", "content_type": 2, "codename": "add_permission"}}, {"model": "auth.permission", "pk": 6, "fields": {"name": "Can change permission", "content_type": 2, "codename": "change_permission"}}, {"model": "auth.permission", "pk": 7, "fields": {"name": "Can delete permission", "content_type": 2, "codename": "delete_permission"}}, {"model": "auth.permission", "pk": 8, "fields": {"name": "Can view permission", "content_type": 2, "codename": "view_permission"}}, {"model": "auth.permission", "pk": 9, "fields": {"name": "Can add group", "content_type": 3, "codename": "add_group"}}, {"model": "auth.permission", "pk": 10, "fields": {"name": "Can change group", "content_type": 3, "codename": "change_group"}}, {"model": "auth.permission", "pk": 11, "fields": {"name": "Can delete group", "content_type": 3, "codename": "delete_group"}}, {"model": "auth.permission", "pk": 12, "fields": {"name": "Can view group", "content_type": 3, "codename": "view_group"}}, {"model": "auth.permission", "pk": 13, "fields": {"name": "Can add content type", "content_type": 4, "codename": "add_contenttype"}}, {"model": "auth.permission", "pk": 14, "fields": {"name": "Can change content type", "content_type": 4, "codename": "change_contenttype"}}, {"model": "auth.permission", "pk": 15, "fields": {"name": "Can delete content type", "content_type": 4, "codename": "delete_contenttype"}}, {"model": "auth.permission", "pk": 16, "fields": {"name": "Can view content type", "content_type": 4, "codename": "view_contenttype"}}, {"model": "auth.permission", "pk": 17, "fields": {"name": "Can add session", "content_type": 5, "codename": "add_session"}}, {"model": "auth.permission", "pk": 18, "fields": {"name": "Can change session", "content_type": 5, "codename": "change_session"}}, {"model": "auth.permission", "pk": 19, "fields": {"name": "Can delete session", "content_type": 5, "codename": "delete_session"}}, {"model": "auth.permission", "pk": 20, "fields": {"name": "Can view session", "content_type": 5, "codename": "view_session"}}, {"model": "auth.permission", "pk": 21, "fields": {"name": "Can add \u7528\u6237\u8868", "content_type": 6, "codename": "add_user"}}, {"model": "auth.permission", "pk": 22, "fields": {"name": "Can change \u7528\u6237\u8868", "content_type": 6, "codename": "change_user"}}, {"model": "auth.permission", "pk": 23, "fields": {"name": "Can delete \u7528\u6237\u8868", "content_type": 6, "codename": "delete_user"}}, {"model": "auth.permission", "pk": 24, "fields": {"name": "Can view \u7528\u6237\u8868", "content_type": 6, "codename": "view_user"}}, {"model": "auth.permission", "pk": 25, "fields": {"name": "Can add \u7528\u6237\u7ec4", "content_type": 7, "codename": "add_bms_group"}}, {"model": "auth.permission", "pk": 26, "fields": {"name": "Can change \u7528\u6237\u7ec4", "content_type": 7, "codename": "change_bms_group"}}, {"model": "auth.permission", "pk": 27, "fields": {"name": "Can delete \u7528\u6237\u7ec4", "content_type": 7, "codename": "delete_bms_group"}}, {"model": "auth.permission", "pk": 28, "fields": {"name": "Can view \u7528\u6237\u7ec4", "content_type": 7, "codename": "view_bms_group"}}, {"model": "auth.permission", "pk": 29, "fields": {"name": "Can add \u6743\u9650", "content_type": 8, "codename": "add_bms_permission"}}, {"model": "auth.permission", "pk": 30, "fields": {"name": "Can change \u6743\u9650", "content_type": 8, "codename": "change_bms_permission"}}, {"model": "auth.permission", "pk": 31, "fields": {"name": "Can delete \u6743\u9650", "content_type": 8, "codename": "delete_bms_permission"}}, {"model": "auth.permission", "pk": 32, "fields": {"name": "Can view \u6743\u9650", "content_type": 8, "codename": "view_bms_permission"}}, {"model": "auth.permission", "pk": 33, "fields": {"name": "Can add \u90e8\u95e8\u8868", "content_type": 9, "codename": "add_departments"}}, {"model": "auth.permission", "pk": 34, "fields": {"name": "Can change \u90e8\u95e8\u8868", "content_type": 9, "codename": "change_departments"}}, {"model": "auth.permission", "pk": 35, "fields": {"name": "Can delete \u90e8\u95e8\u8868", "content_type": 9, "codename": "delete_departments"}}, {"model": "auth.permission", "pk": 36, "fields": {"name": "Can view \u90e8\u95e8\u8868", "content_type": 9, "codename": "view_departments"}}, {"model": "auth.permission", "pk": 37, "fields": {"name": "Can add \u7528\u6237\u5934\u50cf", "content_type": 10, "codename": "add_useravatar"}}, {"model": "auth.permission", "pk": 38, "fields": {"name": "Can change \u7528\u6237\u5934\u50cf", "content_type": 10, "codename": "change_useravatar"}}, {"model": "auth.permission", "pk": 39, "fields": {"name": "Can delete \u7528\u6237\u5934\u50cf", "content_type": 10, "codename": "delete_useravatar"}}, {"model": "auth.permission", "pk": 40, "fields": {"name": "Can view \u7528\u6237\u5934\u50cf", "content_type": 10, "codename": "view_useravatar"}}, {"model": "auth.permission", "pk": 41, "fields": {"name": "Can add \u4e3b\u83dc\u5355", "content_type": 11, "codename": "add_basenav"}}, {"model": "auth.permission", "pk": 42, "fields": {"name": "Can change \u4e3b\u83dc\u5355", "content_type": 11, "codename": "change_basenav"}}, {"model": "auth.permission", "pk": 43, "fields": {"name": "Can delete \u4e3b\u83dc\u5355", "content_type": 11, "codename": "delete_basenav"}}, {"model": "auth.permission", "pk": 44, "fields": {"name": "Can view \u4e3b\u83dc\u5355", "content_type": 11, "codename": "view_basenav"}}, {"model": "auth.permission", "pk": 45, "fields": {"name": "Can add \u56fe\u6807", "content_type": 12, "codename": "add_icons"}}, {"model": "auth.permission", "pk": 46, "fields": {"name": "Can change \u56fe\u6807", "content_type": 12, "codename": "change_icons"}}, {"model": "auth.permission", "pk": 47, "fields": {"name": "Can delete \u56fe\u6807", "content_type": 12, "codename": "delete_icons"}}, {"model": "auth.permission", "pk": 48, "fields": {"name": "Can view \u56fe\u6807", "content_type": 12, "codename": "view_icons"}}, {"model": "auth.permission", "pk": 49, "fields": {"name": "Can add \u4e8c\u7ea7\u83dc\u5355", "content_type": 13, "codename": "add_secondnav"}}, {"model": "auth.permission", "pk": 50, "fields": {"name": "Can change \u4e8c\u7ea7\u83dc\u5355", "content_type": 13, "codename": "change_secondnav"}}, {"model": "auth.permission", "pk": 51, "fields": {"name": "Can delete \u4e8c\u7ea7\u83dc\u5355", "content_type": 13, "codename": "delete_secondnav"}}, {"model": "auth.permission", "pk": 52, "fields": {"name": "Can view \u4e8c\u7ea7\u83dc\u5355", "content_type": 13, "codename": "view_secondnav"}}, {"model": "auth.permission", "pk": 53, "fields": {"name": "Can add \u4e09\u7ea7\u83dc\u5355", "content_type": 14, "codename": "add_thirtnav"}}, {"model": "auth.permission", "pk": 54, "fields": {"name": "Can change \u4e09\u7ea7\u83dc\u5355", "content_type": 14, "codename": "change_thirtnav"}}, {"model": "auth.permission", "pk": 55, "fields": {"name": "Can delete \u4e09\u7ea7\u83dc\u5355", "content_type": 14, "codename": "delete_thirtnav"}}, {"model": "auth.permission", "pk": 56, "fields": {"name": "Can view \u4e09\u7ea7\u83dc\u5355", "content_type": 14, "codename": "view_thirtnav"}}, {"model": "auth.permission", "pk": 57, "fields": {"name": "casso\u4e13\u6709", "content_type": 11, "codename": "test_casso_code"}}, {"model": "auth.permission", "pk": 58, "fields": {"name": "\u5220\u9664\u7528\u6237", "content_type": 6, "codename": "bms_delete_user"}}, {"model": "auth.permission", "pk": 59, "fields": {"name": "\u7f16\u8f91\u7528\u6237", "content_type": 6, "codename": "bms_edit_user"}}, {"model": "auth.permission", "pk": 60, "fields": {"name": "\u65b0\u589e\u7528\u6237", "content_type": 6, "codename": "bms_add_user"}}, {"model": "auth.permission", "pk": 61, "fields": {"name": "test_user-name", "content_type": 2, "codename": "delete_userss"}}, {"model": "auth.group", "pk": 1, "fields": {"name": "\u7ba1\u7406\u5458", "permissions": [9, 10, 11, 12]}}, {"model": "auth.group", "pk": 3, "fields": {"name": "\u666e\u901a\u5458\u5de5", "permissions": [1, 3, 9]}}, {"model": "users.user", "pk": 1, "fields": {"password": "pbkdf2_sha256$150000$PqQGTAGYepj1$3ju8nrJVwf/JzxqLTy8Zn/V5YiKEzsUQYvQplr4DD8s=", "last_login": "2020-06-28T13:01:03.302Z", "is_superuser": true, "username": "casso", "first_name": "", "last_name": "", "is_staff": true, "is_active": true, "date_joined": "2020-06-19T15:34:00Z", "mobile": "13434564354", "email": "casso_change22@qq.com", "sex": 1, "age": 12, "icon": "icon/casso2_f0yzMu6.jpg", "depar": null, "groups": [], "user_permissions": [2, 3, 4, 9, 10, 11]}}, {"model": "users.user", "pk": 2, "fields": {"password": "casso", "last_login": "2020-06-19T15:36:00Z", "is_superuser": false, "username": "\u738b\u4f73\u5bff", "first_name": "ca", "last_name": "w", "is_staff": false, "is_active": true, "date_joined": "2020-06-19T15:36:00Z", "mobile": "13512343456", "email": "ss@qq.com", "sex": 1, "age": 18, "icon": "icon/defult.png", "depar": 1, "groups": [], "user_permissions": []}}, {"model": "users.user", "pk": 3, "fields": {"password": "pbkdf2_sha256$150000$XwUSAB5XVq4w$uREpbJf6g6MI2Vpx6nQqMQ/viC2lngeNa2u6GmgOBss=", "last_login": "2020-07-01T02:04:22.187Z", "is_superuser": true, "username": "casso2", "first_name": "cas", "last_name": "www", "is_staff": true, "is_active": true, "date_joined": "2020-06-19T15:39:00Z", "mobile": "13434564352", "email": "sss@qq.com", "sex": 1, "age": null, "icon": "icon/defult.png", "depar": 1, "groups": [1], "user_permissions": [3, 9, 11, 12, 30, 31, 21, 22, 23]}}, {"model": "users.user", "pk": 4, "fields": {"password": "pbkdf2_sha256$150000$t3Wz0itAnt34$Anjf8pvQWq4p+GDRWVT1I52/cO5wfPQ8bReorziIpe4=", "last_login": "2020-06-22T15:20:22.170Z", "is_superuser": false, "username": "casso3", "first_name": "cass", "last_name": "sos", "is_staff": true, "is_active": true, "date_joined": "2020-06-22T15:19:33.818Z", "mobile": "13012331234", "email": "ddqw@qq.com", "sex": 1, "age": null, "icon": "icon/defult.png", "depar": null, "groups": [], "user_permissions": [4, 9, 10]}}, {"model": "users.user", "pk": 5, "fields": {"password": "pbkdf2_sha256$150000$zPtQhiToHbnR$li6z4MXo2Pp2FR3qEwfgJdQvfxfazvDBTNjAEN05E7Y=", "last_login": null, "is_superuser": false, "username": "casso4", "first_name": "cas", "last_name": "ww", "is_staff": true, "is_active": false, "date_joined": "2020-06-22T15:21:09.174Z", "mobile": "13823142345", "email": "123213@qq.com", "sex": 1, "age": null, "icon": "icon/defult.png", "depar": null, "groups": [], "user_permissions": []}}, {"model": "users.user", "pk": 6, "fields": {"password": "pbkdf2_sha256$150000$iSYjxC008G5T$t8jT+E/eaLZ4ngN+bQZhTEZ1ibKn1A2oGEmIw7Yc3F8=", "last_login": null, "is_superuser": false, "username": "casso5", "first_name": "123", "last_name": "24", "is_staff": true, "is_active": true, "date_joined": "2020-06-22T15:24:57.611Z", "mobile": "13712431234", "email": "213123@cc.com", "sex": 1, "age": 22, "icon": "icon/defult.png", "depar": null, "groups": [], "user_permissions": []}}, {"model": "users.user", "pk": 7, "fields": {"password": "pbkdf2_sha256$150000$KQ2OE7r0dSbb$twgsXo+2b+y4CcS/89NoSF491u/YKNhRIu0PMT3t1Wg=", "last_login": null, "is_superuser": false, "username": "casso6", "first_name": "", "last_name": "", "is_staff": true, "is_active": true, "date_joined": "2020-06-25T08:50:30.131Z", "mobile": "13012331235", "email": "1152283574@qq.com", "sex": 1, "age": null, "icon": "icon/defult.png", "depar": null, "groups": [], "user_permissions": []}}, {"model": "users.user", "pk": 8, "fields": {"password": "pbkdf2_sha256$150000$U9jNEQo3tR3A$iZfTeEeR/1pgBSOLKmCj+M+hcEnvMm+KuXk4XURYtOE=", "last_login": null, "is_superuser": false, "username": "casso7", "first_name": "", "last_name": "", "is_staff": true, "is_active": false, "date_joined": "2020-06-26T10:57:18.318Z", "mobile": "13723453456", "email": "12345@qq.com", "sex": 1, "age": 18, "icon": "icon/defult.png", "depar": null, "groups": [], "user_permissions": []}}, {"model": "users.user", "pk": 9, "fields": {"password": "pbkdf2_sha256$150000$KZQ3eHYDB7xI$VtrIfZA2c3wcnHLTDwDiGPlyKJKhUfwagqBQlBunznQ=", "last_login": null, "is_superuser": false, "username": "casso8", "first_name": "", "last_name": "", "is_staff": true, "is_active": false, "date_joined": "2020-06-26T11:48:30.715Z", "mobile": "13432545672", "email": "casc_change@qq.cn", "sex": 1, "age": 18, "icon": "icon/defult.png", "depar": null, "groups": [], "user_permissions": []}}, {"model": "users.useravatar", "pk": 1, "fields": {"avatar": "avatar/casso2.jpg", "user": 3}}, {"model": "users.useravatar", "pk": 2, "fields": {"avatar": "avatar/casso2_kjtUNQP.jpg", "user": 1}}, {"model": "nav.basenav", "pk": 1, "fields": {"nav_name": "\u540e\u53f0\u9996\u9875", "nav_icon": 51, "add_time": "2020-06-20T15:10:52.316Z", "add_user": 3}}, {"model": "nav.basenav", "pk": 2, "fields": {"nav_name": "\u7cfb\u7edf\u7ba1\u7406", "nav_icon": 6, "add_time": "2020-06-20T15:11:27.272Z", "add_user": 3}}, {"model": "nav.secondnav", "pk": 1, "fields": {"snav_name": "\u7528\u6237\u7ba1\u7406", "parannav": 2, "snav_icon": 7, "sadd_time": "2020-06-20T15:13:11.042Z", "sadd_user": 3}}, {"model": "nav.secondnav", "pk": 2, "fields": {"snav_name": "\u83dc\u5355\u7ba1\u7406", "parannav": 2, "snav_icon": 16, "sadd_time": "2020-06-20T15:13:37.823Z", "sadd_user": 3}}, {"model": "nav.secondnav", "pk": 3, "fields": {"snav_name": "\u7528\u6237\u7ec4\u7ba1\u7406", "parannav": 2, "snav_icon": 57, "sadd_time": "2020-06-20T15:14:23.679Z", "sadd_user": 3}}, {"model": "nav.secondnav", "pk": 4, "fields": {"snav_name": "\u6743\u9650\u7ba1\u7406", "parannav": 2, "snav_icon": 52, "sadd_time": "2020-06-20T15:14:43.115Z", "sadd_user": 3}}, {"model": "nav.secondnav", "pk": 5, "fields": {"snav_name": "\u65e5\u5fd7\u7ba1\u7406", "parannav": 2, "snav_icon": 48, "sadd_time": "2020-06-20T15:15:18.970Z", "sadd_user": 3}}, {"model": "nav.secondnav", "pk": 6, "fields": {"snav_name": "\u56fe\u6807\u7d20\u6750\u7ba1\u7406", "parannav": 2, "snav_icon": 38, "sadd_time": "2020-06-20T15:15:39.510Z", "sadd_user": 3}}, {"model": "nav.secondnav", "pk": 7, "fields": {"snav_name": "\u90e8\u95e8\u7ba1\u7406", "parannav": 2, "snav_icon": 49, "sadd_time": "2020-06-20T15:16:00.646Z", "sadd_user": 3}}, {"model": "nav.secondnav", "pk": 8, "fields": {"snav_name": "\u7cfb\u7edf\u9ed1\u540d\u5355", "parannav": 2, "snav_icon": 36, "sadd_time": "2020-06-20T15:16:18.200Z", "sadd_user": 3}}, {"model": "nav.thirtnav", "pk": 1, "fields": {"tnav_name": "\u7528\u6237\u5217\u8868", "parannav": 1, "tnav_icon": 71, "tadd_time": "2020-06-20T15:32:15.575Z", "tadd_user": 1}}, {"model": "nav.thirtnav", "pk": 2, "fields": {"tnav_name": "\u83dc\u5355\u8bbe\u7f6e", "parannav": 2, "tnav_icon": 73, "tadd_time": "2020-06-20T15:32:40.933Z", "tadd_user": 1}}, {"model": "nav.thirtnav", "pk": 3, "fields": {"tnav_name": "\u7981\u7528\u7528\u6237\u5217\u8868", "parannav": 1, "tnav_icon": 163, "tadd_time": "2020-06-21T10:49:04.340Z", "tadd_user": 1}}, {"model": "nav.thirtnav", "pk": 4, "fields": {"tnav_name": "\u6743\u9650\u5217\u8868", "parannav": 4, "tnav_icon": 222, "tadd_time": "2020-06-23T13:06:18.851Z", "tadd_user": 1}}, {"model": "nav.thirtnav", "pk": 5, "fields": {"tnav_name": "\u6388\u6743\u64cd\u4f5c", "parannav": 4, "tnav_icon": 223, "tadd_time": "2020-06-23T13:06:44.480Z", "tadd_user": 1}}, {"model": "nav.thirtnav", "pk": 8, "fields": {"tnav_name": "\u5206\u7ec4\u64cd\u4f5c", "parannav": 3, "tnav_icon": 98, "tadd_time": "2020-06-30T14:43:46.480Z", "tadd_user": 3}}, {"model": "nav.thirtnav", "pk": 9, "fields": {"tnav_name": "\u64cd\u4f5c\u65e5\u5fd7", "parannav": 5, "tnav_icon": 104, "tadd_time": "2020-07-01T08:30:21.592Z", "tadd_user": 3}}, {"model": "nav.thirtnav", "pk": 10, "fields": {"tnav_name": "\u767b\u9646\u65e5\u5fd7", "parannav": 5, "tnav_icon": 214, "tadd_time": "2020-07-01T08:31:03.097Z", "tadd_user": 3}}, {"model": "nav.thirtnav", "pk": 11, "fields": {"tnav_name": "\u56fe\u6807\u5217\u8868", "parannav": 6, "tnav_icon": 50, "tadd_time": "2020-07-01T08:33:01.729Z", "tadd_user": 3}}, {"model": "nav.thirtnav", "pk": 12, "fields": {"tnav_name": "\u90e8\u95e8\u5217\u8868", "parannav": 7, "tnav_icon": 120, "tadd_time": "2020-07-01T08:33:32.509Z", "tadd_user": 3}}, {"model": "nav.thirtnav", "pk": 13, "fields": {"tnav_name": "\u9ed1\u540d\u5355\u5217\u8868", "parannav": 8, "tnav_icon": 231, "tadd_time": "2020-07-01T08:34:01.143Z", "tadd_user": 3}}, {"model": "admin.logentry", "pk": 1, "fields": {"action_time": "2020-06-19T15:36:08.729Z", "user": 1, "content_type": 7, "object_id": "1", "object_repr": "\u7ba1\u7406\u5458", "action_flag": 1, "change_message": "[{\"added\": {}}]"}}, {"model": "admin.logentry", "pk": 2, "fields": {"action_time": "2020-06-19T15:37:54.761Z", "user": 1, "content_type": 9, "object_id": "1", "object_repr": "\u6d4b\u8bd5\u90e8\u95e8", "action_flag": 1, "change_message": "[{\"added\": {}}]"}}, {"model": "admin.logentry", "pk": 3, "fields": {"action_time": "2020-06-19T15:37:57.603Z", "user": 1, "content_type": 6, "object_id": "2", "object_repr": "\u738b\u4f73\u5bff2", "action_flag": 1, "change_message": "[{\"added\": {}}]"}}, {"model": "admin.logentry", "pk": 4, "fields": {"action_time": "2020-06-19T15:40:28.031Z", "user": 1, "content_type": 6, "object_id": "3", "object_repr": "casso2", "action_flag": 2, "change_message": "[{\"changed\": {\"fields\": [\"groups\"]}}]"}}, {"model": "admin.logentry", "pk": 5, "fields": {"action_time": "2020-06-20T15:09:55.877Z", "user": 3, "content_type": 8, "object_id": "57", "object_repr": "nav | \u4e3b\u83dc\u5355 | casso\u4e13\u6709", "action_flag": 1, "change_message": "[{\"added\": {}}]"}}, {"model": "admin.logentry", "pk": 6, "fields": {"action_time": "2020-06-20T15:10:21.625Z", "user": 3, "content_type": 6, "object_id": "3", "object_repr": "casso2", "action_flag": 2, "change_message": "[{\"changed\": {\"fields\": [\"last_login\", \"user_permissions\"]}}]"}}, {"model": "admin.logentry", "pk": 7, "fields": {"action_time": "2020-06-20T15:28:46.858Z", "user": 3, "content_type": 6, "object_id": "1", "object_repr": "casso", "action_flag": 2, "change_message": "[{\"changed\": {\"fields\": [\"last_login\", \"mobile\", \"icon\"]}}]"}}, {"model": "admin.logentry", "pk": 8, "fields": {"action_time": "2020-06-20T15:29:56.556Z", "user": 3, "content_type": 6, "object_id": "1", "object_repr": "casso", "action_flag": 2, "change_message": "[{\"changed\": {\"fields\": [\"icon\"]}}]"}}, {"model": "admin.logentry", "pk": 9, "fields": {"action_time": "2020-06-21T11:37:09.572Z", "user": 3, "content_type": 6, "object_id": "1", "object_repr": "casso", "action_flag": 2, "change_message": "[{\"changed\": {\"fields\": [\"last_login\", \"user_permissions\"]}}]"}}, {"model": "admin.logentry", "pk": 10, "fields": {"action_time": "2020-06-22T15:09:48.076Z", "user": 3, "content_type": 6, "object_id": "3", "object_repr": "casso2", "action_flag": 2, "change_message": "[{\"changed\": {\"fields\": [\"last_login\", \"user_permissions\"]}}]"}}, {"model": "admin.logentry", "pk": 11, "fields": {"action_time": "2020-06-22T15:10:24.736Z", "user": 3, "content_type": 7, "object_id": "1", "object_repr": "\u7ba1\u7406\u5458", "action_flag": 2, "change_message": "[{\"changed\": {\"fields\": [\"permissions\"]}}]"}}, {"model": "admin.logentry", "pk": 12, "fields": {"action_time": "2020-06-22T15:58:20.069Z", "user": 1, "content_type": 6, "object_id": "3", "object_repr": "casso2", "action_flag": 2, "change_message": "[{\"changed\": {\"fields\": [\"last_login\", \"user_permissions\"]}}]"}}, {"model": "admin.logentry", "pk": 13, "fields": {"action_time": "2020-06-24T04:38:19.012Z", "user": 1, "content_type": 8, "object_id": "57", "object_repr": "nav | \u4e3b\u83dc\u5355 | casso\u4e13\u6709", "action_flag": 2, "change_message": "[{\"changed\": {\"fields\": [\"add_user\"]}}]"}}, {"model": "admin.logentry", "pk": 14, "fields": {"action_time": "2020-06-25T04:09:45.620Z", "user": 3, "content_type": 3, "object_id": "1", "object_repr": "\u7ba1\u7406\u5458", "action_flag": 2, "change_message": "[]"}}, {"model": "admin.logentry", "pk": 15, "fields": {"action_time": "2020-06-25T04:10:01.347Z", "user": 3, "content_type": 3, "object_id": "1", "object_repr": "\u7ba1\u7406\u5458", "action_flag": 2, "change_message": "[]"}}, {"model": "admin.logentry", "pk": 16, "fields": {"action_time": "2020-06-25T11:17:58.770Z", "user": 3, "content_type": 6, "object_id": "1", "object_repr": "casso", "action_flag": 2, "change_message": "[{\"changed\": {\"fields\": [\"last_login\", \"user_permissions\"]}}]"}}, {"model": "admin.logentry", "pk": 17, "fields": {"action_time": "2020-06-26T06:10:40.436Z", "user": 1, "content_type": 6, "object_id": "3", "object_repr": "casso2", "action_flag": 2, "change_message": "[{\"changed\": {\"fields\": [\"last_login\"]}}]"}}, {"model": "admin.logentry", "pk": 18, "fields": {"action_time": "2020-06-26T15:19:14.371Z", "user": 3, "content_type": 6, "object_id": "1", "object_repr": "casso", "action_flag": 2, "change_message": "[{\"changed\": {\"fields\": [\"user_permissions\"]}}]"}}, {"model": "admin.logentry", "pk": 19, "fields": {"action_time": "2020-06-26T15:19:45.945Z", "user": 3, "content_type": 6, "object_id": "1", "object_repr": "casso", "action_flag": 2, "change_message": "[{\"changed\": {\"fields\": [\"groups\"]}}]"}}, {"model": "admin.logentry", "pk": 20, "fields": {"action_time": "2020-07-01T07:03:47.892Z", "user": 3, "content_type": 3, "object_id": "1", "object_repr": "\u7ba1\u7406\u5458", "action_flag": 2, "change_message": "[{\"changed\": {\"fields\": [\"permissions\"]}}]"}}]